<?xml version="1.0" encoding="UTF-8"?>
<project-private xmlns="http://www.netbeans.org/ns/project-private/1">
    <editor-bookmarks xmlns="http://www.netbeans.org/ns/editor-bookmarks/2" lastBookmarkId="0"/>
    <open-files xmlns="http://www.netbeans.org/ns/projectui-open-files/2">
        <group>
            <file>file:/D:/bài%20tập%20lớn/Chapter/Chapter17/src/Main/FitsViewer.java</file>
            <file>file:/D:/bài%20tập%20lớn/Chapter/Chapter17/src/Main/TSVContentTester.java</file>
            <file>file:/D:/bài%20tập%20lớn/Chapter/Chapter17/src/Main/Chapter17.java</file>
        </group>
    </open-files>
</project-private>
